Time,SecondMoment
0,0
1,1
2,2.00032
3,2.98536
4,4.00288
5,4.96768
6,5.98548
7,7.02464
8,7.99776
9,9.07336
10,10.0803
11,11.0437
12,11.9732
13,12.9834
14,14.014
15,15.008
16,16.0494
17,17.0178
18,18.065
19,18.9039
20,20.0841
21,21.0918
22,22.0368
23,23.1101
24,23.8425
25,24.914
26,26.0661
27,27.1673
28,27.9607
29,29.2023
30,30.112
31,31.0654
32,31.9951
33,33.2182
34,33.968
35,34.7406
36,36.0525
37,37.3338
38,38.1477
39,39.2302
40,40.0245
41,41.2026
42,42.054
43,43.3408
44,43.8126
45,45.1534
46,46.0888
47,47.1294
48,47.6811
49,48.943
50,49.9846
51,50.8188
52,51.7919
53,52.8501
54,54.0876
55,55.1774
56,55.8148
57,56.8918
58,58.1559
59,58.9925
60,59.6859
61,60.5392
62,61.9422
63,63.5873
64,64.0386
65,64.9547
66,65.6768
67,66.9674
68,68.3613
69,69.0547
70,70.6629
71,70.7982
72,72.1599
73,73.0174
74,73.9989
75,74.8537
76,75.5014
77,76.7473
78,77.4221
79,78.8815
80,80.3815
81,80.9442
82,82.1779
83,82.7827
84,84.0392
85,85.0499
86,85.6484
87,86.8051
88,88.0483
89,87.959
90,89.574
91,91.4255
92,91.589
93,92.3876
94,93.3989
95,94.8819
96,95.967
97,96.6146
98,97.8698
99,99.3721
100,99.564
